municipio,categoria_zona,es_ruido,fecha_publicacion,titulo,url,tags,keywords_match,fragmento
Mercedes,volumen_alto,no,30/07/2026,Decreto Nº1038/2026 en el boletín 107º de Mercedes,https://sibom.slyt.gba.gob.ar/bulletins/15416/contents/2422544,adjudicacion | concurso precios 33,"cubierta,cubiertas","es la adquisición de cubiertas ... […] - -MERCEDES-COMP#SEH, caratulado “Concurso de Precios N° 33/2026 – Adquisición de cubiertas ”, y; ... […] .000,00 (Pesos veinticuatro millones ochocientos noventa mil con 00/100 centavos) la compra de cubiertas , según lo especificado en el Pliego de Bases y Condiciones obrante en el EX-2026-00047451- -MERCEDES-COMP#SEH ..."
Tandil,volumen_alto,no,29/07/2026,Decreto Nº2364/2026 en el boletín 349º de Tandil,https://sibom.slyt.gba.gob.ar/bulletins/15468/contents/2423123,2364/2026,"neumatico,neumaticos",", y el ítem N°2 a la mejor oferta, Proveedor LARROCA NEUMATICOS S […] ) Proveedor LAROCCA NEUMATICOS S.A.: Ítem N° 2 por un valor de $3.769.740,00 (tres millones setecientos […] El Concurso de Precios N° 64-03-26 “ADQUISICION NEUMATICOS PARA CARGA Y TRANSPORTE"
Tandil,volumen_alto,no,01/07/2026,Decreto Nº2070/2026 en el boletín 345º de Tandil,https://sibom.slyt.gba.gob.ar/bulletins/15286/contents/2410659,2070/2026,camaras y llantas,de la compra de llantas y cubiertas del tractor Massey Ferguson 265 que se utiliza para tareas de mantenimiento dentro ... […] La solicitud realizada por el Ente Administrador del Parque Industrial […] a lo dispuesto por la Ordenanza N°12.646 y poder cubrir los gastos de la compra de llantas y cubiertas del tractor Massey Ferguson 265 que se utiliza para tareas ...
General San Martín,objetivo,no,04/06/2026,Decreto Nº00097/26 en el boletín 2040º de General San Martín,https://sibom.slyt.gba.gob.ar/bulletins/15141/contents/2400537,cubierta playon,"cubierta,cubiertas",Ampliando monto de obra Cubierta playón deportivo del Parque José Hernández y ampliando plazo de obra. ...
Nueve de Julio,volumen_alto,no,02/06/2026,Decreto Nº689/2026 en el boletín 121º de Nueve de Julio,https://sibom.slyt.gba.gob.ar/bulletins/14909/contents/2392207,compra de neumaticos,"neumatico,neumaticos","Que corresponde dictar acto administrativo expreso, de conformidad a las constancias enunciadas ... […] La comunicación NO–2026-00012016-MUNINUE-SSC#SAH. El expediente Nº 4082-262/26. La solicitud de la Secretaría de Obras y Servicios Públicos y la Secretaria de Gobierno. Las invitaciones a cotizar y los presupuestos ... […] LLAMADO A LICITACION Nº 13 - NEUMATICOS - ADJUDICACIÓN. ..."
General Villegas,volumen_alto,no,07/04/2026,Ordenanza Nº6742/25 en el boletín 189º de General Villegas,https://sibom.slyt.gba.gob.ar/bulletins/14708/contents/2369148,ordenanza 6742,recapado,"VISTO: El Expediente Nº 11966/25, iniciado por la Directora de Rentas, elevando el proyecto de ordenanza tendiente a actualizar ... […] Gomerías, vulcanización, recapado , etc. $ 10,800 ... […] Gomerías, vulcanización, recapado , etc. $ 3,413.06 ..."
Coronel Dorrego,volumen_alto,no,02/02/2026,Decreto Nº2968/2025 en el boletín 193º de Coronel Dorrego,https://sibom.slyt.gba.gob.ar/bulletins/14255/contents/2343986,baja habilitación municipal comercio,gomeria,"que en la mencionada nota, el Sr. Raúl Cesareo Rodríguez solicita se otorgue la baja, por cese de actividades comerciales en el rubro “ Gomería ” otorgada mediante Resolución recaída en Expte Nº 1077/01, local ubicado ... […] la nota presentada mediante Expte. 1963/25 por el Sr. Raúl Cesareo Rodríguez ... […] ARTÍCULO 1°) Dése de baja a la Habilitación Municipal en el rubro “ Gomería ” , por cese de actividades solicitada por el Sr. RAÚL CESAREO ..."
Bahia Blanca,volumen_alto,no,22/12/2025,Resolución Nº204 en el boletín 473º de Bahia Blanca,https://sibom.slyt.gba.gob.ar/bulletins/14073/contents/2323271,,recapado,"Municipal; y, CONSIDERANDO Que el agente Gino Gustavo GALVAN, legajo N°17.388 asiste el día martes 2 de diciembre de 2025 a la localidad de Coronel Pringles a fin de retirar dos neumáticos recapados por la firma Duhau, elementos ..."
Coronel Pringles,volumen_alto,no,05/12/2025,Decreto Nº1358/25 en el boletín 251º de Coronel Pringles,https://sibom.slyt.gba.gob.ar/bulletins/13978/contents/2317422,,"cubierta,cubiertas,recapado","Que a fs. 01 solicita autorización para la compra de cubiertas para maquinarias viales pesadas, camiones y camionetas. La compra de las mismas será para recambio de las unidades debido al desgaste lógico del uso. Siendo ... […] dicha adquisición compartida entre las áreas de Vialidad y Servicios Urbanos; Que las cubiertas deberán ser mixtas para carretera, obras y cantera teniendo en cuenta que se utilizan tanto para viajes a corta ... […] . 2 y 3 se adjunta detalle de cantidad y medidas de las cubiertas necesarias para cada área; Que por lo expuesto se llama a Concurso de Precios N° 50/25 par"
General Viamonte,volumen_alto,no,17/11/2025,Decreto Nº423 en el boletín 354º de General Viamonte,https://sibom.slyt.gba.gob.ar/bulletins/13888/contents/2310268,,"cubierta,cubiertas","Que, de conformidad con lo peticionado por el Jefe de Compras, según las solicitudes de pedido N° 2501, 2495, 2491, 2490, 2489 y de gasto 1-2799, 1 ... […] La necesidad de proceder al LLAMADO a LICITACIÓN PRIVADA N° 08/2025, para la “ADQUISICION DE NEUMATICOS NUEVOS ... […] : OBJETO 1: 2 Cubiertas 15/6.00 X 6 P/tractor cespedero ..."
Mercedes,volumen_alto,no,01/11/2025,Decreto Nº2019/2025 en el boletín 97º de Mercedes,https://sibom.slyt.gba.gob.ar/bulletins/13737/contents/2298632,adjudicacion | licitacion privada 25,"cubierta,cubiertas,neumatico,neumaticos",".- $ 3,200,000 MHR NEUMATICOS SRL ... […] .- $ 460,000 LAROCCA NEUMATICOS SA ... […] LAROCCA NEUMATICOS SA $ 900,934.00 $ 1,801 ..."
Moreno,objetivo,no,16/10/2025,Decreto Nº2420/25 en el boletín 308º de Moreno,https://sibom.slyt.gba.gob.ar/bulletins/13614/contents/2291258,,camaras y llantas,"Adjudíquese al Concurso de Precios N° 166/2025, realizado para la adquisición de “Cubiertas, Llantas , Protectoras y Cámaras para Vehículos Municipales” solicitada por la Secretaria de Obras y Servicios Públicos, a la oferta correspondiente ..."
Mercedes,volumen_alto,no,03/10/2025,Decreto Nº1809/2025 en el boletín 96º de Mercedes,https://sibom.slyt.gba.gob.ar/bulletins/13529/contents/2283795,llamado licitacion | privada 25,"cubierta,cubiertas","La necesidad manifestada por la Subsecretaría de Servicios Públicos según Solicitud de Pedido n° 5991 de proveer de un stock mínimo de cubiertas para vehículos, que le permitan cubrir los requerimientos operativos ... […] 4 CUBIERTA 12-4-24 ... […] .- 2 2 CUBIERTA 1300 ..."
Bahia Blanca,volumen_alto,no,26/09/2025,Resolución Nº1253 en el boletín 465º de Bahia Blanca,https://sibom.slyt.gba.gob.ar/bulletins/13501/contents/2286479,,recapado,"el rubro de VENTA DE CUBIERTAS NUEVAS Y RECAPADAS - SERVICIO DE ALINEACION Y BALANCEO - REPARACION DE NEUMATICOS , en el domicilio de la calle VIEYTES Nº 1864 de la Localidad de Bahía Blanca, y; CONSIDERANDO ... […] NEUMATICOS S. A. con CUIT 30-71750912-5, contribuyente Nº 93.778, para desarrollar actividades bajo el rubro VENTA DE CUBIERTAS NUEVAS Y RECAPADAS - SERVICIO DE ALINEACION Y BALANCEO - REPARACION DE NEUMATICOS ..."
Chivilcoy,volumen_alto,no,19/09/2025,Decreto Nº1462 en el boletín 107º de Chivilcoy,https://sibom.slyt.gba.gob.ar/bulletins/13436/contents/2282011,,gomeria,"que se debe proceder a su promulgación en tiempo y forma ... […] la Ordenanza N°10906 sancionada por el Honorable Concejo Deliberante en la sesión pública ordinaria realizada el día 14 de agosto de 2025 , por la cual se otorga la excepción solicitada de uso de suelo sobre inmueble, para su posterior habilitación de gomería , y ... […] el inmueble identificado catastralmente como: Circunscripción XVIII, Sección B, Manz 139, Parc 5, a nombre de Ramon Adolfo Rodríguez sito en calle A. Brown N°144, para su posterior habilitación de gomería . Expte Int 1554 H ..."
Saladillo,volumen_alto,no,18/09/2025,Decreto Nº327/2025 en el boletín 114º de Saladillo,https://sibom.slyt.gba.gob.ar/bulletins/13337/contents/2267161,,gomeria,"el personal afectado a las tareas de gomería insuficiente para cubrir tal demanda; QUE en ésta época del año se incrementan los servicios de traslados ... […] y Servicios Públicos y de la Secretaría de Obras y Servicios Públicos –área a la que pertenece la primera-, para llevar a cabo trabajos de gomería en el Corralón Municipal, y contratar dichos servicios ... […] la nota presentada por la Subsecretaria de Obras y Servicios Públicos, Arq. Anabella Soledad Fasano, en la que manifiesta la necesidad de contar con personal para realizar trabajos de gomería en el Corralón Municipal; y ..."
Lujan,objetivo,no,14/09/2025,Decreto Nº533 en el boletín 77º de Lujan,https://sibom.slyt.gba.gob.ar/bulletins/13465/contents/2276625,,recauchutaje,"Que el presente se dicta en ejercicio de las facultades que se derivan del artículo 108 inciso 2 de la Ley Orgánica de las Municipalidades de la Provincia de Buenos Aires. Por ello ... […] Que el Honorable Concejo Deliberante, en su Sesión de fecha 25 de marzo de 2025 ha sancionado la ORDENANZA Nº8744 ... […] EX-2024-00063826- -MUNILUJAN-SOI - Promulgación Ordenanza N°8744 Modificaciones C.O.U ..."
General Alvear,volumen_alto,no,01/09/2025,Decreto Nº306/2025 en el boletín 77º de General Alvear,https://sibom.slyt.gba.gob.ar/bulletins/13404/contents/2272293,,"neumatico,neumaticos","VISTO: El Expediente Nº: 4039-17204/2025, referente a: “COMPRA DE 12 (DOCE) NEUMÁTICOS 255/70/16 PARA CAMIONETA, 12 (DOCE) NEUMÁTICOS CON TACO PARA CAMIONETA 265/65/17, 4 (CUATRO) NEUMÁTICOS PARA AUTO 205/55/16 TIPO ... […] MARCAS FATE/BRIDGESTONE/PIRELLI, 2 (DOS) NEUMÁTICOS PARA CAMIONETA (AMBULANCIA) 225/75/16 MARCA MICHELIN, 4 (CUATRO) NEUMÁTICOS PARA CAMIONETA (AMBULANCIA) 205/75/16 MARCA PIRELLI Y 4 (CUATRO) CUBIERTAS PARA MOTONIVELADORA DIMENSIÓN 1400X 24 12 O 14 ..."
Bahia Blanca,volumen_alto,no,12/08/2025,Resolución Nº165 en el boletín 459º de Bahia Blanca,https://sibom.slyt.gba.gob.ar/bulletins/13163/contents/2254447,,camaras y llantas,", al bajarme de mi vehículo tenía la rueda delantera izquierda prácticamente en llanta . (...) Acto seguido, retrocedo caminando hacia el lugar donde había tenido el impacto. Para mi sorpresa me encuentro con un pozo cubierto de agua en su totalidad ... […] , el mismo parecía ser de grande dimensión y profundidad (...) tenía la llanta de la rueda trasera izquierda en llanta , debiendo salir a conseguir alguien que me prestara una cubierta de auxilio atento a que la que contaba mi auto la había colocado ..."
Nueve de Julio,volumen_alto,no,05/08/2025,Resolución Nº18/2025 en el boletín 111º de Nueve de Julio,https://sibom.slyt.gba.gob.ar/bulletins/13074/contents/2254501,denuncia,"neumatico,neumaticos,recapado","Que el denunciante manifiesta haber adquirido en la firma denunciada, dos neumáticos que presentaron desperfectos: uno de ellos revienta, y el otro se abre a la altura de la llanta. Relata además que los mismos eran viejos y que tenían fecha ... […] de vencimiento 03/2017. Que el denunciante tiene como pretensión la reposición de los neumáticos defectuosos. Que se fijó la Audiencia de Conciliación el día 14 de octubre de 2021 a las 9:30 horas, contando con la comparecencia ... […] del denunciante y la incomparecencia de la denunciada Neumáticos Centro, quien se encontraba debidamente notificad"
General Alvear,volumen_alto,no,11/07/2025,Decreto Nº259 en el boletín 74º de General Alvear,https://sibom.slyt.gba.gob.ar/bulletins/13101/contents/2246627,,"neumatico,neumaticos","Que los montos que presupuestan aconsejan la realización de un concurso de precios ... […] El Expediente Nº: 4039-17204/2025, referente a: “COMPRA DE 12 (DOCE) NEUMÁTICOS 255/70/16 PARA CAMIONETA, 12 (DOCE) NEUMÁTICOS CON TACO PARA CAMIONETA 265/65/17, 4 (CUATRO) NEUMÁTICOS PARA AUTO 205/55/16 TIPO MARCAS FATE/BRIDGESTONE/PIRELLI, 2 ... […] (DOS) NEUMÁTICOS PARA CAMIONETA (AMBULANCIA) 225/75/16 MARCA MICHELIN, 4 (CUATRO) NEUMÁTICOS PARA CAMIONETA (AMBULANCIA) 205/75/16 MARCA PIRELLI Y 4 (CUATRO) CUBIERTAS PARA MOTONIVELADORA DIMENSIÓN 1400X 24 12 O 14 TELAS, con destino a: policía Comunal ..."
General Alvear,volumen_alto,no,11/07/2025,Decreto Nº260 en el boletín 74º de General Alvear,https://sibom.slyt.gba.gob.ar/bulletins/13101/contents/2246632,,"neumatico,neumaticos","Que es necesario constituir una Comisión Especial Evaluadora para una correcta adjudicación ... […] El Concurso de Precio Nº 05/2025 (Expediente Nº: 4039-17204/2025), referente a: “COMPRA DE 12 (DOCE) NEUMÁTICOS 255/70/16 PARA CAMIONETA, 12 (DOCE) NEUMÁTICOS CON TACO PARA CAMIONETA 265/65/17, 4 (CUATRO) NEUMÁTICOS ... […] PARA AUTO 205/55/16 TIPO MARCAS FATE/BRIDGESTONE/PIRELLI, 2 (DOS) NEUMÁTICOS PARA CAMIONETA (AMBULANCIA) 225/75/16 MARCA MICHELIN, 4 (CUATRO) NEUMÁTICOS PARA CAMIONETA (AMBULANCIA) 205/75/16 MARCA PIRELLI Y 4 (CUATRO) CUBIERTAS PARA MOTONIVELADORA ..."
General San Martín,objetivo,no,13/06/2025,Decreto Nº00236/25 en el boletín 1994º de General San Martín,https://sibom.slyt.gba.gob.ar/bulletins/12925/contents/2230683,cubierta | playon,"cubierta,cubiertas","Aprobando Licitacion Pública Nº 01/25 "" CUBIERTA PLAYON DEPORTIVO PARQUE JOSE HERNANDEZ ETAPA 2"".- ..."
General Viamonte,volumen_alto,no,11/06/2025,Licitación Nº08/2025 en el boletín 333º de General Viamonte,https://sibom.slyt.gba.gob.ar/bulletins/12920/contents/2230253,,"cubierta,cubiertas","MIL SETECIENTOS.-) POR OBJETO: OBJETO 1: 2 Cubiertas 15/6.00 X 6 P/tractor cespedero ... […] OBJETO 2: 2 Cubiertas 650/16 - con taco - 8 telas mínimo ... […] $ 266.820,00 OBJETO 3: 2 Cubiertas 1000 X 16 - 10 telas mínimo ..."
General Viamonte,volumen_alto,no,03/06/2025,Licitación Nº08/2025 en el boletín 332º de General Viamonte,https://sibom.slyt.gba.gob.ar/bulletins/12906/contents/2229381,,"cubierta,cubiertas",".-) POR OBJETO: OBJETO 1: 2 Cubiertas 15/6.00 X 6 P/tractor cespedero ... […] OBJETO 2: 2 Cubiertas 650/16 - con taco - 8 telas mínimo ... […] $ 266.820,00 OBJETO 3: 2 Cubiertas 1000 X 16 - 10 telas mínimo ..."
General San Martín,objetivo,no,15/05/2025,Decreto Nº00163/25 en el boletín 1989º de General San Martín,https://sibom.slyt.gba.gob.ar/bulletins/12699/contents/2213459,cubiertas,"cubierta,cubiertas",Declarando desierto el primer llamado a Concurso de Precios Nº 83 y efectuando segundo llamado de apertura ref. adquisición de CUBIERTAS .- ...
General Villegas,volumen_alto,no,09/05/2025,Ordenanza Nº6635/24 en el boletín 172º de General Villegas,https://sibom.slyt.gba.gob.ar/bulletins/12618/contents/2213018,ord 6635 tributaria 2025,recapado,"VISTO: El Expediente Nº 12324/24, iniciado ... […] 71400-09 Gomerías, vulcanización, recapado , etc ... […] $ 2,437.99 71400-09 Gomerías, vulcanización, recapado , etc ..."
General Villegas,volumen_alto,no,09/05/2025,Ordenanza Nº00 en el boletín 172º de General Villegas,https://sibom.slyt.gba.gob.ar/bulletins/12618/contents/2214565,preparatoria tributaria 2025,recapado,"VISTO: El Expediente Nº 12324/24, iniciado por la Directora de Rentas, elevando el proyecto de ordenanza ... […] $8,000 71400-09 Gomerías, vulcanización, recapado , etc ... […] Gomerías, vulcanización, recapado , etc. $ 2,844.22 71400 ..."
General Villegas,volumen_alto,no,09/05/2025,Ordenanza Nº6633/24 en el boletín 172º de General Villegas,https://sibom.slyt.gba.gob.ar/bulletins/12618/contents/2212999,ord 6633 reg volunt camaras seguridad,camaras y llantas,"del Municipio, resulta conveniente incorporar nuevas cámaras . Que, la coordinación entre el Estado y los Privados en el uso de los recursos disponibles, y de manera estratégica, brinda un beneficio general ... […] a la sociedad en su conjunto, sin requerir gastos adicionales al Estado. Que, los particulares propietarios de cámaras de vigilancia proporcionarán la información en forma voluntaria, inscribiéndose en un registro ... […] que se creará a tal efecto. Que, incorporando cámaras no municipales al sistema de monitoreo se lograría evitar zonas ciegas en la vía pública que impidan localiza"
Mercedes,volumen_alto,no,22/04/2025,Decreto Nº573/2025 en el boletín 90º de Mercedes,https://sibom.slyt.gba.gob.ar/bulletins/12530/contents/2204191,adjudicacion | concurso precios 26,"cubierta,cubiertas","Que, a partir de la necesidad manifestada por la Subsecretaría de Servicios Públicos según Solicitud de Pedido n° 1806, se arbitraron los medios necesarios para lograr la convocatoria de oferentes en relación alConcurso ... […] Lo actuado por Gestión Documental Electrónica (GDE) en el EX-2025-00017984caratulado “Concurso de precios n° 26/2025- Adquisición de cubiertas ”, y; ... […] cuatrocientoscon 00/100 centavos), la compra de cubiertas , según las especificaciones técnicas contenidas en el pliego de bases y condiciones, específicamente ..."
Avellaneda,objetivo,no,21/03/2025,Ordenanza Nº31032 en el boletín 107º de Avellaneda,https://sibom.slyt.gba.gob.ar/bulletins/12434/contents/2190701,modificacion de la ordenanza 30.944,recapado,"VISTO: El Expediente 3-0-52783/2024 y cuerpo I; y CONSIDERANDO: Que vienen a consideración de este Cuerpo Deliberativo l proyecto ... […] , recapado , etc . 0,007 ..."
Coronel Suárez,volumen_alto,no,07/02/2025,Decreto Nº2953/2024 en el boletín 146º de Coronel Suárez,https://sibom.slyt.gba.gob.ar/bulletins/12145/contents/2170277,,gomeria,"la nota presentada a ésta Comuna por el Sr. GARCIA ARIEL OMAR, por la que solicita autorización para habilitar un negocio bajo el rubro de REPARACIÓN DE CÁMARAS Y CUBIERTAS - GOMERÍA , y atento a los informes producidos por las oficinas respectivas, ... […] - - - - - 20-29749947-6, a poner en funcionamiento un local comercial bajo el rubro de: REPARACIÓN DE CÁMARAS Y CUBIERTAS - GOMERÍA , ubicado ... […] el Intendente Municipal del Partido en uso de sus atribuciones- D E C R E T ..."
Mercedes,volumen_alto,no,16/01/2025,Decreto Nº2199/2024 en el boletín 87º de Mercedes,https://sibom.slyt.gba.gob.ar/bulletins/11962/contents/2157298,adjudicacion | licitacion privada 42,"cubierta,cubiertas","Folios n° 2774/2775, con el objeto de lograr la compra de cubiertas destinadas a abastecer al depósito dependiente del área. Que, habiéndose previsto como fecha de apertura de sobres del llamado para el día 27/11/2024 ... […] Lo actuado en el EX-2024-00034632 caratulado como “Licitación Privada n° 42/2024 Adquisición de cubiertas ”, y ... […] seiscientos con 00/100 centavos), la compra de cubiertas , según las especificaciones técnicas contenidas en el pliego de bases y condiciones, específicamente ..."
Saladillo,volumen_alto,no,16/01/2025,Decreto Nº2006/2024 en el boletín 109º de Saladillo,https://sibom.slyt.gba.gob.ar/bulletins/11974/contents/2165223,,gomeria,"y de la cual surge lo siguiente: La firma Cetaro Cecilia Nora, cotiza todos los ítems por la suma total de $ 15.949.200,00; La firma Nuevas Gomerías Palermo S.R.L., cotiza ... […] de evaluar las ofertas se observa que en cuanto a los ítems 1, 3 (en oferta alternativa), y 5, la firma Nueva Gomería Palermo S.R.L., presenta las mejores ofertas; mientras que la firma Almeira Claudio Oscar, lo hace en los ítems 2 y 4 ... […] del Director de Mantenimiento del Parque Automotor, se desprende que las ofertas presentadas por las firmas Nueva Gomería Palermos S.R.L. para los ítems 1, 3 (en oferta alterna"
Coronel Pringles,volumen_alto,no,03/01/2025,Decreto Nº1650/24 en el boletín 224º de Coronel Pringles,https://sibom.slyt.gba.gob.ar/bulletins/11929/contents/2152210,,gomeria,"Que a fs. 01 solicita la baja de dicho comercio a partir del 21/10/24; Que a fs. 02 luce informe del área de Recaudación, manifestando que el requirente no adeuda importe alguno ... […] el Expediente 2.327/2024, mediante el cual la Sra. María Cristina Pipo comunica el cese de actividades del comercio habilitado a nombre de su padre (fallecido) en el rubro “METALÚRGICA - GOMERÍA ” , ubicado en calle MORENO (47) N° 871 de esta localidad; y ... […] en el rubro “METALÚRGICA - GOMERÍA ” , ubicado en calle MORENO (47) N° 871 de esta localidad , propiedad del Sr. PIPO Eduardo, fallecido, según consta"
Mercedes,volumen_alto,no,11/12/2024,Decreto Nº2024/2024 en el boletín 85º de Mercedes,https://sibom.slyt.gba.gob.ar/bulletins/11789/contents/2142643,llamado licitacion 6 | privada 42,"cubierta,cubiertas","Que la Solicitud de Pedido en cuestión trata sobre la necesidad de proveer a la Subsecretaría de Servicios Públicos de un stock mínimo de cubiertas para vehículos, que le permitan cubrir los requerimientos operativos ... […] 1 7 CUBIERTA 12-16.5 CON TACO ... […] 6 CUBIERTA 17.5.25 CON TACO L2/G2 (para Motoniveladora ..."
Coronel Rosales,volumen_alto,no,10/12/2024,Ordenanza Nº4366 en el boletín 46º de Coronel Rosales,https://sibom.slyt.gba.gob.ar/bulletins/11720/contents/2141507,modifica ordenanza 3591 remises,recapado,"superior a 1,2 mm en unidades de peso inferior a 1.500 Kg y superior a 1,5 mm en unidades de peso igual o mayor al antes indicado. No podrán estar equipados con cubiertas reconstruidas o recapadas . f ..."
Campana,objetivo,no,05/12/2024,Resolución Nº2759/24 en el boletín 399º de Campana,https://sibom.slyt.gba.gob.ar/bulletins/11812/contents/2143455,,camaras y llantas,", y con concentración y destreza realizar ciertas acrobacias con ella. Así se han creado distintos actos: ' Burnout ', que consiste en quemar la llanta trasera; ' Wheelie ' o 'Caballito' , donde se levanta la rueda delantera mientras ... […] la moto va en movimiento; 'Escorpión', en la que el piloto pone la pierna en la parte trasera y levanta la moto hacia adelante; 'Pique', donde se sostiene la moto con la llanta trasera; entre muchos otros ... […] Las acrobacias que realizan los jóvenes que utilizan bicicletas o motocicletas ..."
Bahia Blanca,volumen_alto,no,11/11/2024,Resolución Nº124 en el boletín 377º de Bahia Blanca,https://sibom.slyt.gba.gob.ar/bulletins/11648/contents/2131581,,"recapado,recauchutaje","Visto las presentes actuaciones mediante las cuales se tramita la solicitud de cambio de razón social para la actividad “ recapado de cubiertas” que se desarrolla en el inmueble sito en calle Francia Nº 124 de esta ciudad ... […] a través de los años y no solo implicarían el rubro “ recapado de cubiertas”, sino reparación de amortiguadores, alineación y balanceo, y la reparación de vehículos de gran porte como camiones y colectivos (Acta de Inspección 35862, fs. 712 ... […] y balanceo para autos y camionetas..."" ""...Las actividades: "" Recapado de cubiertas y su venta"", según el cuadro Nº 2 (Cl"
Bahia Blanca,volumen_alto,no,24/10/2024,Resolución Nº345 en el boletín 370º de Bahia Blanca,https://sibom.slyt.gba.gob.ar/bulletins/11555/contents/2125555,,camaras y llantas,"se me mete en una alcantarilla que esta hundida, se me detiene el vehículo, cuando bajo a ver que era, ahí mismo me di cuenta que se le había hecho una teta a la rueda, doblo la llanta , me fui a una gomería para saber que pasó y si había pinchado, el gomero ... […] que fuera ofrecida, Sra. Geraldine Aldana Blanchini. Al respecto expresamente refirió: ""... doblamos en calle 9 de julio y Vérez, y al estar la tapa del desagote profunda y agarrarla con el vehículo rompimos el neumático y la llanta ... […] ..."". Que, los hechos narrados por la reclamante indican como generador del acontecimiento s"
Zárate,objetivo,no,04/10/2024,Resolución Nº157/24 en el boletín 41º de Zárate,https://sibom.slyt.gba.gob.ar/bulletins/11476/contents/2118968,,"cubierta,cubiertas","El expediente Nº 4121-4486/2017, por el que el Sr. García, Gustavo Adolfo, solicita autorización para habilitar el comercio de Rubro: “Venta al por menor de partes, piezas y accesorios excepto cámaras, cubiertas ... […] y baterías, Actividad Secundaria: Venta al por menor de cámaras y cubiertas ”, situado en Calle Avda. Antártida Argentina Nº 2086, de la ciudad de Zárate, atento a lo informado por la Dirección General de Ingresos Públicos (fs. 47) Legajo Nº 18.548 ... […] 1º) Autorizar la habilitación del comercio Rubro: “Venta al por menor de partes, piezas y accesorios excepto cámaras, cubie"
Coronel Pringles,volumen_alto,no,02/09/2024,Decreto Nº1091/24 en el boletín 214º de Coronel Pringles,https://sibom.slyt.gba.gob.ar/bulletins/11248/contents/2101414,,gomeria,"Que a fs. 1 solicita la baja de dicho comercio a partir del 03/06/24; Que a fs. 3 luce informe del área de Recaudación, manifestando que el requirente no adeuda importe alguno ... […] el Expediente 1.520/24, mediante el cual la Sra. ZOCCHI NOELÍA comunica el cese de actividades del comercio habilitado en el rubro “ GOMERÍA ” , propiedad del Sr. Hugo Emilio Zocchi, fallecido el día 29/06/24, ubicado en BELGRANO (48) N° 294 de esta localidad; y ... […] en el rubro “ GOMERÍA ” , ubicado en la calle BELGRANO (48) N° 294 de esta localidad , propiedad del Sr. ZOCCHI HUGO EMILIO, fallecido el día 29/"
Coronel Suárez,volumen_alto,no,26/08/2024,Decreto Nº1629/2024 en el boletín 141º de Coronel Suárez,https://sibom.slyt.gba.gob.ar/bulletins/11130/contents/2092745,,camaras y llantas,"Que es necesaria su adquisición, a través de un Concurso de Precios, según lo establece la Ley Orgánica Municipal ... […] la necesidad de adquirir Neumáticos para vehículos el Corralón Municipal de Huanguelén, dependiente de Secretaría de Servicios Públicos ... […] ) - - - - - Cubiertas y Cámara de aire y ocho (08) Llantas p/Automotor y Equipo Vial para Corralón Municipal de Huanguelén, dependiente de Secretaría de Servicios Públicos, costo total estimado $ 6.880 ..."
Coronel Suárez,volumen_alto,no,26/08/2024,Decreto Nº1775/2024 en el boletín 141º de Coronel Suárez,https://sibom.slyt.gba.gob.ar/bulletins/11130/contents/2095794,,camaras y llantas,"Que conforme Acta de Apertura de fecha 12 de julio 2024, surge que en el mismo cotizó una Firma: BEMEC TIRES TRADING SA, efectuándose el correspondiente análisis, según consta en la documentación adjunta ... […] el Concurso de Precios nº 119/2024 realizado en el Expediente de referencia, para la adquisición de NEUMATICOS para el Corralón Municipal de Huanguelen, dependiente de Secretaría de Servicios Públicos ... […] ART.1º : Adjudícase el Concurso de Precios nº 119/2024 para la adquisición de - - - - - (08) CUBIERTAS Y CAMARAS de Aire y (08) LLANTAS P/Automotor y Equipo Vial del Corralón Muni"
Coronel Pringles,volumen_alto,no,23/08/2024,Decreto Nº0979/24 en el boletín 212º de Coronel Pringles,https://sibom.slyt.gba.gob.ar/bulletins/11155/contents/2096392,,"cubierta,cubiertas,recapado","Que mediante el mismo solicita autorización para realizar la compra de cubiertas para maquinarias pesadas, camiones y camionetas: 2 (dos) cubiertas de motoniveladora 13.00-24 ... […] – 14.00-24 – 33.25-29 6 (seis) cubiertas camión lisa 295/80/22.5 6 (seis) cubiertas camión lisa 275/80/22.5 6 (seis) cubiertas camión ... […] radial 275/80/22.5 - 4 (cuatro) cubiertas camioneta 185/65/14 - 275/80/22.5 y 295/80/22.5 Con índice de carga entre 149 ..."
Tapalqué,volumen_alto,no,20/08/2024,Decreto Nº0311 en el boletín 96º de Tapalqué,https://sibom.slyt.gba.gob.ar/bulletins/11173/contents/2095619,adjudicacion | licitación privada,"cubierta,cubiertas","VISTO : El llamado a licitación privada N° 4 para la adquisición de cubiertas para parque vial del corralón y planta de tratamiento RSU, primera etapa, que se tramita mediante expediente N° 4111-055/24, para el día 17 ... […] ARTÍCULO 1°: Adjudicase la Licitación privada N° 4 para la adquisición de cubiertas para parque vial del corralón y planta de tratamiento RSU, primera etapa, que se tramita mediante expediente N ... […] 10 CUBIERTA P ..."
Saladillo,volumen_alto,no,26/07/2024,Decreto Nº1036/2024 en el boletín 105º de Saladillo,https://sibom.slyt.gba.gob.ar/bulletins/10838/contents/2071046,,gomeria,"; La firma Cetaro Cecilia Nora, cotiza el ítem 2 por la suma de $ 6.734.000,00; La firma Nueva Gomería Palermo S.R.L., cotiza el ítem 2 por la suma de $ 6.521.554,00 ... […] , por lo que aconseja adjudicar dicho ítem a la firma Nueva Gomería Palermo S.R.L., ya que ésta cumple con todas las especificaciones técnica solicitadas, y es de monto inferior en relación al resto de los oferentes ... […] municipal, esto es, el ítem 1 a la firma Atarusis S.A., y el ítem 2 a la firma Nueva Gomería Palermo S.R.L., siempre considerándose que resultan ser las más convenientes a los intereses municipales ..."
Mercedes,volumen_alto,no,13/06/2024,Decreto Nº663/2024 en el boletín 79º de Mercedes,https://sibom.slyt.gba.gob.ar/bulletins/10769/contents/2064641,concurso de precios,"cubierta,cubiertas",") cubiertas tipo 135/75 17,5 lisas para recambio de minibus, en el marco del Concurso de Precios n° 25/2024. Que, habiéndose previsto como fecha de apertura de sobres del llamado el día 02/05/2024, se han presentado ... […] en se encuentran por debajo del costo estimado por la Municipalidad, resultando ser conveniente para los intereses municipales, habida cuenta del presupuesto oficial obrante a fs. 6. Que, respecto al tipo de cubierta ... […] de Neumáticos Verona, como la de Testa Alfredo Abel cumplen con las especificaciones correctas del tipo y modelo de cubiertas necesarias para el recamb"
General San Martín,objetivo,no,12/06/2024,Decreto Nº0334/24 en el boletín 1948º de General San Martín,https://sibom.slyt.gba.gob.ar/bulletins/10765/contents/2064799,cubiertas,"cubierta,cubiertas","Aprobando Licitación Privada Nº 67/24, CUBIERTAS .- ..."
Coronel Dorrego,volumen_alto,no,31/05/2024,Decreto Nº0635/2024 en el boletín 138º de Coronel Dorrego,https://sibom.slyt.gba.gob.ar/bulletins/10558/contents/2051392,concurso de precios nº 23 2024 llamado cubiertas para la dirección de servicios,"cubierta,cubiertas","Que el Jefe de Compras ha manifestado la necesidad de proceder a la adquisición de cubiertas para la Dirección de Servicios; ... […] de proceder a la adquisición de cubiertas para la Dirección de Servicios, dichas cubiertas son: 8 cubiertas lisas 275/80/22.5 para los camiones 552/553/427 4 ... […] cubiertas lisas 185/65/14 para la camioneta 644 2 cubiertas lisas 235/75/15 para la camioneta 545 4 cubiertas lisas 305/70/16.5 para la Pala 447 ..."
Coronel Dorrego,volumen_alto,no,31/05/2024,Decreto Nº0639/2024 en el boletín 138º de Coronel Dorrego,https://sibom.slyt.gba.gob.ar/bulletins/10558/contents/2051409,concurso de precios nº 23 2024 adjudicacion cubiertas para dirección de servicios,"cubierta,cubiertas","CUBIERTAS ... […] .- $4.032.000,00.- 4 CUBIERTAS LISAS 185/65/14 ... […] .- 2 CUBIERTAS LISAS 235/75/15 ..."
Bragado,volumen_alto,no,31/05/2024,Decreto Nº474 en el boletín 142º de Bragado,https://sibom.slyt.gba.gob.ar/bulletins/10626/contents/2056487,llamado licit. priv. nº 13/2024,"cubierta,cubiertas","CONSIDERANDO: Que, de acuerdo al informe elevado por la Secretaría de Gobierno, es preciso proceder al dictado del acto administrativo pertinente; por ello ... […] VISTO: Que es necesario proceder al llamado a Licitación Privada Nº 13/2024 referente a la adquisición de 48 cubiertas 255/70/R16 y 8 cubiertas 225/70/R17 para ser utilizadas en 13 móviles policiales de la ciudad de Bragado; y, ... […] ARTICULO 1º: LLAMAR a Licitación Privada Nº 13/2024 referente a la adquisición de 48 cubiertas 255/70/R16 y 8 cubiertas 225/70/R17 para ser utilizadas en 13 móviles policiales de la ciudad de Bragado "
Tandil,volumen_alto,no,29/05/2024,Ordenanza Nº18453/2024 en el boletín 234º de Tandil,https://sibom.slyt.gba.gob.ar/bulletins/10704/contents/2060344,18453/2024,"cubierta,cubiertas","EL HONORABLE CONCEJO DELIBERANTE DE TANDIL SANCIONA CON FUERZA ... […] ) Resto de las Zonas: 1) Edificios cuya sumatoria de superficie total cubierta sea menor a 500 ... […] total cubierta sea igual o mayor a 500 (quinientos) metros cuadrados: a la determinada para 1), se agregará 1 (un) modulo para automóvil cada 100 (cien) metros cuadrados cubiertos ..."
General Viamonte,volumen_alto,no,24/05/2024,Decreto Nº274 en el boletín 260º de General Viamonte,https://sibom.slyt.gba.gob.ar/bulletins/10712/contents/2059375,,"neumatico,neumaticos","Que, a la apertura de sobres de la Licitación de referencia se presentaron 4 oferentes: NEUMYSER S.A., LEONARDO JAVIER RISSO, ALBICI NEUMÁTICOS ... […] S.R.L. y MHR NEUMÁTICOS S.R.L. Que, el oferente NEUMYSER S.A. ofertó para el Objeto 1 $6.528.000,00, para el Objeto 2 ... […] ,00, para el Objeto 2 $6.809.600,00 y para el Objeto 3 $1.630.400,00. Que, por su parte el oferente ALBICI NEUMÁTICOS S.R.L. ofertó ..."
Mercedes,volumen_alto,no,15/05/2024,Decreto Nº489/2024 en el boletín 78º de Mercedes,https://sibom.slyt.gba.gob.ar/bulletins/10593/contents/2050432,adjudicacion,"cubierta,cubiertas","de cubiertas destinadas a stock del depósito para mantenimiento de vehículos municipales. Que, habiéndose previsto como fecha de apertura de sobres el día 25/03/2024, se han presentado 3 (tres) oferentes, según consta ... […] Lo actuado en Expediente Administrativo Nº 4948/2024, caratulado “Licitación Privada n° 17/2024” s/ la adquisición de cubiertas ; y, ... […] centavos), la compra de cubiertas , según lo especificado en el pliego de bases y condiciones, específicamente ..."
General Viamonte,volumen_alto,no,14/05/2024,Decreto Nº158 en el boletín 256º de General Viamonte,https://sibom.slyt.gba.gob.ar/bulletins/10632/contents/2052743,,"cubierta,cubiertas","Que, en consecuencia es procedente efectuar el mismo en los términos que establece la Ley ... […] La necesidad de proceder al LLAMADO a LICITACIÓN PRIVADA N° 07/2024, para la “ADQUISICIÓN DE NEUMÁTICOS NUEVOS ... […] : OBJETO 1: 24 Cubiertas 265/65 R17. $ 8.160.000,00 OBJETO 2: 28 Cubiertas 255/70 R16 ..."
Bahia Blanca,volumen_alto,no,10/05/2024,Decreto Nº1179 en el boletín 333º de Bahia Blanca,https://sibom.slyt.gba.gob.ar/bulletins/10569/contents/2050369,,"neumatico,neumaticos","Visto las presentes actuaciones, originadas por la División de Control y Ordenamiento Urbano dependiente de la Agencia de Seguridad, Emergencia y Respuesta Inmediata, referidas a la adquisición de neumáticos para móviles pertenecientes ... […] .477.100; ALAUX SERVICIOS S.A., no cumple con los incisos e, g y h del artículo 2 de cláusulas especiales del pliego de bases y condiciones, total de la oferta económica $13.757.900; y ALVAREZ NEUMATICOS S.A., total de la oferta económica $12.743.060 ... […] de ser evaluadas las ofertas de los proveedores: PAREDES ALBERTO JESUS, ALAUX SERVICIOS S.A. y AL"
Mercedes,volumen_alto,no,15/04/2024,Decreto Nº314/2024 en el boletín 77º de Mercedes,https://sibom.slyt.gba.gob.ar/bulletins/10408/contents/2035623,licitacion privada.,"cubierta,cubiertas","La necesidad de proveer a la Subsecretaría de Servicios Públicos de cubiertas para móviles que le permitan cubrir los requerimientos operativos de los próximos meses ... […] . Que, específicamente, se solicitan desde el área pre-citada la adquisición de las cubiertas que se detallan a continuación ... […] CUBIERTA 195-70-15.- 2 ..."
General Viamonte,volumen_alto,no,10/04/2024,Decreto Nº105 en el boletín 248º de General Viamonte,https://sibom.slyt.gba.gob.ar/bulletins/10416/contents/2036208,,"cubierta,cubiertas","Que, en consecuencia es procedente efectuar el mismo en los términos que establece la Ley Orgánica de las Municipalidades ... […] La necesidad de proceder al LLAMADO a LICITACIÓN PRIVADA N° 05/2024, para la “ADQUISICIÓN DE NEUMÁTICOS ... […] el Presupuesto Oficial a la suma de PESOS VEINTICUATRO MILLONES NOVECIENTOS SETENTA Y TRES MIL SEISCIENTOS ($24.973.600) dividido en los siguientes objetos: OBJETO 1: 4 Cubiertas 275/80 R22.5 SR 200 p ..."
Saladillo,volumen_alto,no,04/04/2024,Decreto Nº311/2024 en el boletín 102º de Saladillo,https://sibom.slyt.gba.gob.ar/bulletins/10378/contents/2033546,,gomeria,"el personal afectado a las tareas de gomería insuficiente para cubrir tal demanda; QUE atento las consideraciones expuestas resulta necesario declarar la incompetencia ... […] de la Secretaría de Obras y Servicios Públicos, para llevar a cabo trabajos de gomería en el Corralón Municipal, y contratar dichos servicios; QUE, de acuerdo ... […] la nota presentada por la Arq. Anabella Soledad Fasano, a/c de la Secretaría de Obras y Servicios Públicos, en la que manifiesta la necesidad de contar con personal para realizar trabajos de gomería en el Corralón Municipal; y ..."
Bahia Blanca,volumen_alto,no,13/03/2024,Decreto Nº731 en el boletín 323º de Bahia Blanca,https://sibom.slyt.gba.gob.ar/bulletins/10275/contents/2024554,,"neumatico,neumaticos","Visto el pedido de Adquisición originado por el Departamento Talleres y Maestranza, dependiente de la Secretaría de Obras y Servicios Públicos, para la provisión de neumáticos , conforme a la solicitud de pedido N°316 ... […] las ofertas de los proveedores: ALVAREZ NEUMATICOS SA, total de la oferta económica PESOS CINCO MILLONES SESENTA MIL ($5.060.000.-); ALAUX SERVICIOS SA, total de la oferta económica PESOS SEIS MILLONES CIENTO CINCUENTA Y SEIS MIL CUATROCIENTOS ($6.156.400 ... […] NEUMATICOS S.A. (Proveedor Nº5649) los ítems 1, 2 y 3 por un importe total de PESOS CINCO MILLONES SESENTA MIL"
General Viamonte,volumen_alto,no,13/03/2024,Licitación Nº07/2024 en el boletín 242º de General Viamonte,https://sibom.slyt.gba.gob.ar/bulletins/10283/contents/2024523,,"cubierta,cubiertas",1: 24 Cubiertas 265/65 R17 ... […] : OBJETO 2: 28 Cubiertas 255/70 R16 ... […] OBJETO 3: 8 Cubiertas 235/75 R15 ...
General Viamonte,volumen_alto,no,11/03/2024,Licitación Nº007/2024 en el boletín 241º de General Viamonte,https://sibom.slyt.gba.gob.ar/bulletins/10272/contents/2023764,,"cubierta,cubiertas",": 24 Cubiertas 265/65 R17 ... […] $ 8.160.000,00 POR OBJETO: OBJETO 2: 28 Cubiertas 255/70 R16 ... […] OBJETO 3: 8 Cubiertas 235/75 R15 ..."
Moreno,objetivo,no,06/02/2024,Decreto Nº5184/23 en el boletín 282º de Moreno,https://sibom.slyt.gba.gob.ar/bulletins/9978/contents/2012070,,camaras y llantas,"Adjudíquese la compra directa N° 365/2023, realizadas para la adquisición de “Neumáticos y Llantas ” para realizar los trabajos requeridos por la emergencia meteorológica, solicitada por la Secretaria de Salud y Ambiente. A la firma RICARDO ..."
Saladillo,volumen_alto,no,01/02/2024,Decreto Nº3072 en el boletín 98º de Saladillo,https://sibom.slyt.gba.gob.ar/bulletins/10130/contents/2013427,,gomeria,"el personal afectado a las tareas de gomería insuficiente para cubrir tal demanda; QUE atento las consideraciones expuestas resulta necesario declarar la incompetencia ... […] de la Subsecretaría de Servicios Públicos y de la Secretaría de Obras y Servicios Públicos –área a la que pertenece la primera-, para llevar a cabo trabajos de gomería en el Corralón Municipal, y contratar dichos servicios ... […] la nota presentada por la Arq. Albertina Di Iulio, a cargo de la Subsecretaría de Servicios Públicos, en la que manifiesta la necesidad de contar con personal para realizar trabajos de gomería "
General Villegas,volumen_alto,no,23/01/2024,Ordenanza Nº6507/23 en el boletín 151º de General Villegas,https://sibom.slyt.gba.gob.ar/bulletins/10049/contents/2009715,ordenanza 6507 tributaria 2024,recapado,"VISTO: El Expediente N° 12574/23 alc. 1, iniciado por la Directora de Rentas, elevando ... […] Gomerías, vulcanización, recapado , etc. $7,000 ... […] 71400-09 Gomerías, vulcanización, recapado , etc ..."
