fuente,id_origen,comprador,objeto,tipo,fecha_publicacion,fecha_apertura,estado,categoria_zona,es_ruido,keywords,url,fragmento,primera_vez_visto,vista_ultima_corrida
comprar,84/21-1519-LPR26,Nación · unidad 1023,ADQUISICIÓN DE NEUMÁTICOS PARA LAS UUDD DEL CDO BR MEC XI - 4TO TRIMESTRE AÑO 2026,Licitación Privada,,09/10/2026 08:00 Hrs.,Publicado,,no,neumatic,https://comprar.gob.ar/Compras.aspx?qs=W1HXHGHtH10=,,2026-10-03,2026-10-04
comprar,40/28-0670-CDI26,Nación · unidad 866,ADQUISICION DE BATERIAS PARA EQUIPO HARLAN,Contratación Directa,,08/10/2026 11:00 Hrs.,Publicado,,no,bateria,https://comprar.gob.ar/Compras.aspx?qs=W1HXHGHtH10=,,2026-10-01,2026-10-04
comprar,74-0371-LPR26,Nación · unidad 911,Adquisición de neumáticos para las Coordinadoras Zona Norte y Zona Sur,Licitación Privada,,09/10/2026 09:00 Hrs.,Publicado,,no,neumatic,https://comprar.gob.ar/Compras.aspx?qs=W1HXHGHtH10=,,2026-10-01,2026-10-04
comprar,46/15-0142-CDI26,Nación · unidad 768,ADQUISICIÓN DE NEUMÁTICOS NUEVOS PARA MINICARGADORA NEW HOLLAND L190 DEL 15º DISTRITO MISIONES,Contratación Directa,,09/10/2026 17:00 Hrs.,Publicado,,no,neumatic,https://comprar.gob.ar/Compras.aspx?qs=W1HXHGHtH10=,,2026-10-01,2026-10-04
comprar,84/33-1464-LPR26,Nación · unidad 1031,ADQUISICION DE NEUMATICOS 4TO TRIMESTRE 2026,Licitación Privada,,07/10/2026 08:00 Hrs.,Publicado,,no,neumatic,https://comprar.gob.ar/Compras.aspx?qs=W1HXHGHtH10=,,2026-09-30,2026-10-04
comprar,74/44-0450-LPR26,Nación · unidad 1061,ADQUISICIÓN DE NEUMÁTICOS PARA EL PARQUE NACIONAL EL IMPENETRABLE,Licitación Privada,,06/10/2026 07:00 Hrs.,Publicado,,no,neumatic,https://comprar.gob.ar/Compras.aspx?qs=W1HXHGHtH10=,,2026-09-30,2026-10-04
bac,414-3311-CME26,414 - HTAL. MARIA CURIE,ADQUISICION DE BATERIA 9V,Contratación  Menor,,05/10/2026 08:00 Hrs.,Publicado,,no,bateria,https://www.buenosairescompras.gob.ar/ListarAperturaProxima.aspx,,2026-09-30,2026-10-04
sibom,https://sibom.slyt.gba.gob.ar/bulletins/15867/contents/2451173,General Alvear,Decreto Nº546/2026 en el boletín 104º de General Alvear,concurso de precios,29/09/2026,,adjudicada,volumen_alto,no,"neumatico,neumaticos,protector de neumaticos",https://sibom.slyt.gba.gob.ar/bulletins/15867/contents/2451173,"Boletines/General Alvear Decreto Nº546/2026 Decreto Nº 546/2026 General Alvear, 07/09/2026 Visto El Expediente Nº: 4039-17643/2026, referente a “ADQUISICIÓN DE DOS (2) NEUMÁTICOS 1400 x 24 r2 14 TELAS PARA MOTONIVELADORA, MARCA: FIAT ALLIS, FATE O SIMILAR. CUATRO (4) NEUMÁTICOS 1300 X24 R2 14 TELAS PARA MOTONIVELADORA SIAM WABCO, MARCA: FATE O SIMILAR. CUATRO (4) NEUMÁTICOS, CUATRO (4) NEUMÁTICOS 1000 X 20 14 TELAS CON TACOS PARA CARRETÓN, IMPAGRO DOMINIO COG 508, MARCA: FATE O SIMILAR. CUATRO (4) 245/70 R16 PARA CAMIÓN MERCEDES BENZ DOMINIO EFL 450 MARCA: YOKOHAMA O SIMILAR CON DESTINO A VIAL; CUATRO (4) NEUMÁTICOS 10-16-5 RG400 PARA PALA CARGADORA MICHIGAN MARCA ARMOUR O SIMILAR. CUATRO (4) NEUMÁTICOS CON TACOS 295/80 R 22.5 14 TELAS PARA COMPACTADOR FORD 14000 DOMINIO CWE 793. MARCA: FATE O SIMILAR- DOS (2) NEUMÁTICOS 295/80 R22.4 LISA PARA COMPACTADOR WOLSKWAGEN DOMINIO PAZ 426- CUATRO (4) NEUMÁTICOS 245/65 R17 PARA CAMIONETA HILUX DOMINIO AA 748 EJ. MARCA FATE O SIMILAR. (4) NEUMÁTICOS 205/60 R15 PARA CAMIONETA SAVEIRO DOMINIO AA 617 VG. MARCA FATE O SIMILAR CON DESTINO A SEU”, ",2026-09-29,2026-10-06
bac,414-1445-LPU26,414 - HTAL. MARIA CURIE,ADQUISICION DE MONITORES-BRAZALETES NEUMATICOS-SENSOR PARA OXIMETRIA Y OTROS,Licitación Pública,,30/09/2026 09:00 Hrs.,Publicado,,no,neumatic,https://www.buenosairescompras.gob.ar/ListarAperturaProxima.aspx,,2026-09-29,2026-09-30
comprar,38/3-0402-LPU26,Nación · unidad 995,REEMPLAZO DE LAS CUBIERTAS DE TEJAS FRANCESAS DEL EDIFICIO  CASA JEFES Y OFICIALES (BNPB),Licitación Pública,,15/10/2026 09:00 Hrs.,Publicado,,no,cubierta,https://comprar.gob.ar/Compras.aspx?qs=W1HXHGHtH10=,,2026-09-28,2026-10-04
comprar,37/81-0972-CDI26,Nación · unidad 1204,ADQUISICIÓN DE NEUMÁTICOS,Contratación Directa,,20/10/2026 10:00 Hrs.,Publicado,,no,neumatic,https://comprar.gob.ar/Compras.aspx?qs=W1HXHGHtH10=,,2026-09-28,2026-10-04
comprar,46/15-0152-CDI26,Nación · unidad 768,SERVICIO DE GOMERÍA PARA UNIDADES LIVIANAS Y PESADAS DEL 15° DISTRITO MISIONES,Contratación Directa,,05/10/2026 12:00 Hrs.,Publicado,,no,gomeria,https://comprar.gob.ar/Compras.aspx?qs=W1HXHGHtH10=,,2026-09-28,2026-10-04
comprar,47-0138-CDI26,Nación · unidad 900,Adquisición de baterías para el motor general de emergencia del BIPO VICTOR ANGELESCU,Contratación Directa,,02/10/2026 11:00 Hrs.,Publicado,,no,bateria,https://comprar.gob.ar/Compras.aspx?qs=W1HXHGHtH10=,,2026-09-28,2026-10-01
bac,438-3214-CME26,438 - HTAL. ENRIQUE TORNU,CANULA NASAL - CAMARA HUMIDIFICADORA,Contratación  Menor,,05/10/2026 08:00 Hrs.,Publicado,,no,camara,https://www.buenosairescompras.gob.ar/ListarAperturaProxima.aspx,,2026-09-28,2026-10-04
comprar,38/3-0344-LPU26,Nación · unidad 995,SERVICIO REEMPLAZO INTEGRAL DE LAS CUBIERTAS DE TEJAS DEL CINE COMODORO RIVADAVIA DE LA (BNPB),Licitación Pública,,09/10/2026 09:00 Hrs.,Publicado,,no,cubierta,https://comprar.gob.ar/Compras.aspx?qs=W1HXHGHtH10=,,2026-09-25,2026-10-04
comprar,37/130-0212-LPR26,Nación · unidad 1246,ADQUISICION DE NEUMATICOS PARA LA JEFATURA DE REGION VIII,Licitación Privada,,09/10/2026 10:00 Hrs.,Publicado,,no,neumatic,https://comprar.gob.ar/Compras.aspx?qs=W1HXHGHtH10=,,2026-09-25,2026-10-04
comprar,74/3-0418-LPR26,Nación · unidad 1250,SERVICIO INTEGRAL DE GOMERÍA PARA LA FLOTA DE VEHÍCULOS OFICIALES DEL P.N.L. SEGUNDO LLAMADO,Licitación Privada,,07/10/2026 10:00 Hrs.,Publicado,,no,gomeria,https://comprar.gob.ar/Compras.aspx?qs=W1HXHGHtH10=,,2026-09-25,2026-10-04
bac,434-3285-CME26,434 - HTAL.DONACION FRANCISCO SANTOJANNI,Adquisición brazalete neumático para tensiómetro-manguito neumático y sensor para oximetria de pulso,Contratación  Menor,,02/10/2026 13:00 Hrs.,Publicado,,no,neumatic,https://www.buenosairescompras.gob.ar/ListarAperturaProxima.aspx,,2026-09-25,2026-10-02
comprar,53-0018-CDI26,Nación · unidad 938,ADQ BATERIAS PARA LA RED NACIONAL DE DINPRS,Contratación Directa,,05/10/2026 10:00 Hrs.,Publicado,,no,bateria,https://comprar.gob.ar/Compras.aspx?qs=W1HXHGHtH10=,,2026-09-24,2026-10-04
comprar,74/35-0426-LPR26,Nación · unidad 1125,Adquisición de baterías y filtros para vehículos oficiales de PN Copo.,Licitación Privada,,01/10/2026 08:00 Hrs.,Publicado,,no,bateria,https://comprar.gob.ar/Compras.aspx?qs=W1HXHGHtH10=,,2026-09-24,2026-10-01
comprar,26-0017-CDI26,Nación · unidad 644,ADQUISICIÓN DE BATERÍAS DE ARRANQUE PARA CAMPAMENTOS,Contratación Directa,,06/10/2026 12:00 Hrs.,Publicado,,no,bateria,https://comprar.gob.ar/Compras.aspx?qs=W1HXHGHtH10=,,2026-09-22,2026-10-04
comprar,38/25-1176-LPR26,Nación · unidad 1122,ADQUISICION DE BATERIAS PARA AUTOMOTORES (ARCE),Licitación Privada,,02/10/2026 09:00 Hrs.,Publicado,,no,bateria,https://comprar.gob.ar/Compras.aspx?qs=W1HXHGHtH10=,,2026-09-22,2026-10-01
sibom,https://sibom.slyt.gba.gob.ar/bulletins/15711/contents/2446553,Berazategui,Decreto Nº1629 en el boletín 160º de Berazategui,Licitación Pública Nº 33/2026,21/09/2026,,adjudicada,objetivo,no,protector de neumaticos,https://sibom.slyt.gba.gob.ar/bulletins/15711/contents/2446553,"Boletines/Berazategui Decreto Nº1629 Decreto Nº 1629 Berazategui, 24/06/2026 Visto : El Expediente Nº 4011-18098-SG-2026 ORIGINAL, C1 y C2, por el cual se tramitó La Licitación Pública Nº 33/2026, para el Objeto: “ COMPRA DE NEUMÁTICOS, PROTECTORES Y CÁMARAS PARA LA FLOTA VEHÍCULAR DEL DISTRITO DE BERAZATEGUI ”. Considerando Que por Resolución N° 95/2026 de fecha 08 de mayo del 2026 se aprobó el Pliego de Bases y Condiciones y se realizó el llamado a la Licitación Pública Nº 33/2026, para el Objeto: “ COMPRA DE NEUMÁTICOS, PROTECTORES Y CÁMARAS PARA LA FLOTA VEHÍCULAR DEL DISTRITO DE BERAZATEGUI ”, con un presupuesto oficial de $312.096.000,00 (Pesos trescientos doce millones noventa y seis mil con 00/100). Que del acta de apertura obrante a fs. 451 de fecha 02 de junio del 2026 surge la presentación de CINCO (5) propuestas correspondientes a las firmas “BULL VIAL S.R.L.”, “NEUMATICOS VERONA S.R.L.”, “BANDAMAR S.A.”, “NACTIL S.A.” y “LAROCCA NEUMATICOS S.A.”. Que del Informe Técnico producido por la Secretaria General, Subsecretaria de Automotores, a fs. 535/536, surge que las propue",2026-09-21,2026-10-06
comprar,38/12-0985-LPR26,Nación · unidad 951,ADQUISICIÓN DE CELDAS DE BATERÍAS PARA ARRANQUE DE GENERADOR DE LA CORBETA A.R.A “GÓMEZ ROCA”,Licitación Privada,,06/10/2026 09:00 Hrs.,Publicado,,no,bateria,https://comprar.gob.ar/Compras.aspx?qs=W1HXHGHtH10=,,2026-09-21,2026-10-04
comprar,340/1-0043-LPU26,Nación · unidad 690,ADQUISICIÓN DE EFECTOS DE ELECTRICIDAD Y BATERÍAS – SOSTÉN LOGÍSTICO ANTÁRTICO,Licitación Pública,,05/10/2026 08:00 Hrs.,Publicado,,no,bateria,https://comprar.gob.ar/Compras.aspx?qs=W1HXHGHtH10=,,2026-09-21,2026-10-04
comprar,63-0039-CDI26,Nación · unidad 1255,Contratacion de los Servicios de la Cámara Compensadora Electrónica de Transacciones S.A. (COELSA),Contratación Directa,,29/09/2026 11:00 Hrs.,Publicado,,no,camara,https://comprar.gob.ar/Compras.aspx?qs=W1HXHGHtH10=,,2026-09-21,2026-09-29
comprar,14-0037-CDI26,Nación · unidad 934,ADQUISICIÓN DE ACCESORIOS PARA CAMARA FILMADORA Y FOTOGRAFICA (MOCHILA) - GCS,Contratación Directa,,08/10/2026 10:00 Hrs.,Publicado,,no,camara,https://comprar.gob.ar/Compras.aspx?qs=W1HXHGHtH10=,,2026-09-19,2026-10-04
comprar,30-0028-LPR26,Nación · unidad 1264,Adquisición de cubiertas de diferentes medidas,Licitación Privada,,14/10/2026 14:00 Hrs.,Publicado,,no,cubierta,https://comprar.gob.ar/Compras.aspx?qs=W1HXHGHtH10=,,2026-09-19,2026-10-04
comprar,84/34-0779-LPR26,Nación · unidad 1032,ADQUISICIÓN DE REPUESTOS Y CUBIERTAS PARA EL RGCGSM,Licitación Privada,,25/09/2026 08:00 Hrs.,Publicado,,no,cubierta,https://comprar.gob.ar/Compras.aspx?qs=W1HXHGHtH10=,,2026-09-19,2026-09-24
comprar,37/77-0949-CDI26,Nación · unidad 1789,ADQUISICION DE NEUMATICOS PARA MOTOS,Contratación Directa,,25/09/2026 10:00 Hrs.,Publicado,,no,neumatic,https://comprar.gob.ar/Compras.aspx?qs=W1HXHGHtH10=,,2026-09-19,2026-09-24
comprar,84/129-0608-LPU26,Nación · unidad 1007,"ADQUISICIÓN DE INSUMOS, REPUESTOS Y BATERIAS PARA CAMIÓN MED 40 TON 6X6 MOD M 916 A3 FREIGHTLINER",Licitación Pública,,30/09/2026 09:00 Hrs.,Publicado,,no,bateria,https://comprar.gob.ar/Compras.aspx?qs=W1HXHGHtH10=,,2026-09-15,2026-09-30
comprar,74/35-0341-LPR26,Nación · unidad 1125,Adquisición de neumáticos para vehiculos oficiales de Parque Nacional Copo,Licitación Privada,,22/09/2026 08:00 Hrs.,Publicado,,no,neumatic,https://comprar.gob.ar/Compras.aspx?qs=W1HXHGHtH10=,,2026-09-15,2026-09-21
bac,417-3212-CME26,417 - HTAL. PEDRO DE ELIZALDE,Reparacion de camara gamma-Medicina Nuclear.,Contratación  Menor,,22/09/2026 08:00 Hrs.,Publicado,,no,camara,https://www.buenosairescompras.gob.ar/ListarAperturaProxima.aspx,,2026-09-15,2026-09-21
bac,418-3210-CME26,418 - HTAL. JUAN A. FERNANDEZ,"Quirofano. Servicio de reparacion integral de tres video camaras para laparoscopia, marca Stryker.",Contratación  Menor,,18/09/2026 10:00 Hrs.,Publicado,,no,camara,https://www.buenosairescompras.gob.ar/ListarAperturaProxima.aspx,,2026-09-15,2026-09-18
comprar,74/3-0386-LPR26,Nación · unidad 1250,Adquisición de baterías para vehículos oficiales del Parque Nacional Lanín,Licitación Privada,,25/09/2026 12:00 Hrs.,Publicado,,no,bateria,https://comprar.gob.ar/Compras.aspx?qs=W1HXHGHtH10=,,2026-09-14,2026-09-24
bac,8618-1318-LPU26,8618 - ADMINIST. GUBERNAMENTAL DE INGRESOS PUBLICOS,Servicio de videograbación de imágenes y mantenimiento del sistema de visualización por cámaras,Licitación Pública,,24/09/2026 12:00 Hrs.,Publicado,,no,camara,https://www.buenosairescompras.gob.ar/ListarAperturaProxima.aspx,,2026-09-14,2026-09-24
comprar,40/5-0701-CDI26,Nación · unidad 1797,BATERIAS PARA VEHICULOS,Contratación Directa,,22/09/2026 08:30 Hrs.,Publicado,,no,bateria,https://comprar.gob.ar/Compras.aspx?qs=W1HXHGHtH10=,,2026-09-12,2026-09-21
comprar,40/26-0288-LPR26,Nación · unidad 1800,ADQUISICION DE BATERIAS UPS,Licitación Privada,,21/09/2026 07:00 Hrs.,Publicado,,no,bateria,https://comprar.gob.ar/Compras.aspx?qs=W1HXHGHtH10=,,2026-09-12,2026-09-19
bac,438-3129-CME26,438 - HTAL. ENRIQUE TORNU,BRAZALETE NEUMATICO PARA TENSIOMETRO,Contratación  Menor,,18/09/2026 08:00 Hrs.,Publicado,,no,neumatic,https://www.buenosairescompras.gob.ar/ListarAperturaProxima.aspx,,2026-09-11,2026-09-17
comprar,37/94-0632-CDI26,Nación · unidad 1217,ADQUISICION DEL SERVICIO DE GOMERIA PARA VEHICULOS,Contratación Directa,,22/09/2026 10:00 Hrs.,Publicado,,no,gomeria,https://comprar.gob.ar/Compras.aspx?qs=W1HXHGHtH10=,,2026-09-10,2026-09-21
comprar,37/43-0744-CDI26,Nación · unidad 1171,ADQUISICIÓN DE NEUMATICOS PARA VEHICULOS Y MOTOVEHICULOS,Contratación Directa,,15/09/2026 11:00 Hrs.,Publicado,,no,neumatic,https://comprar.gob.ar/Compras.aspx?qs=W1HXHGHtH10=,,2026-09-10,2026-09-15
comprar,37/51-0893-CDI26,Nación · unidad 1179,ADQUISICIÓN DE BATERIAS PARA VEHÍCULOS,Contratación Directa,,22/09/2026 10:00 Hrs.,Publicado,,no,bateria,https://comprar.gob.ar/Compras.aspx?qs=W1HXHGHtH10=,,2026-09-09,2026-09-21
bac,431-2796-CME26,431 - HTAL. BERNARDINO RIVADAVIA,ADQUISICION DE CUBIERTA Y CAMARA PARA VEHICULO ELECTRICO-DIVISION MANTENIMIENTO Y SERVICIOS GRALES.,Contratación  Menor,,11/09/2026 10:30 Hrs.,Publicado,,no,"cubierta,camara",https://www.buenosairescompras.gob.ar/ListarAperturaProxima.aspx,,2026-09-08,2026-09-11
comprar,37/96-0204-CDI26,Nación · unidad 1219,ADQUISICIÓN DE NEUMÁTICOS PARA VEHÍCULOS Y MOTOVEHCULOS,Contratación Directa,,17/09/2026 09:00 Hrs.,Publicado,,no,neumatic,https://comprar.gob.ar/Compras.aspx?qs=W1HXHGHtH10=,,2026-09-07,2026-09-16
comprar,38/4-1003-LPR26,Nación · unidad 1089,ADQUISICIÓN DE CÁMARAS FOTOGRÁFICAS Y ACCESORIOS - BASE NAVAL MAR DEL PLATA,Licitación Privada,,15/09/2026 10:00 Hrs.,Publicado,,no,camara,https://comprar.gob.ar/Compras.aspx?qs=W1HXHGHtH10=,,2026-09-07,2026-09-15
comprar,38/3-0487-LPR26,Nación · unidad 995,REPARACIÓN DE LA JUNTA CONSTRUCTIVA DEL VASO DE LA PILETA CUBIERTA  (BNPB),Licitación Privada,,18/09/2026 09:00 Hrs.,Publicado,,no,cubierta,https://comprar.gob.ar/Compras.aspx?qs=W1HXHGHtH10=,,2026-09-04,2026-09-17
comprar,37/77-0888-CDI26,Nación · unidad 1789,ADQUISICION DE NEUMATICOS PARA VEHICULOS,Contratación Directa,,11/09/2026 10:00 Hrs.,Publicado,,no,neumatic,https://comprar.gob.ar/Compras.aspx?qs=W1HXHGHtH10=,,2026-09-03,2026-09-10
comprar,37/87-0833-CDI26,Nación · unidad 1210,“ADQUISICION DE BATERIAS Y ESTABILIZADORES DE TENSION PARA EQUIPOS DE COMUNICACIÓNES E INFORMATICA”,Contratación Directa,,09/09/2026 10:00 Hrs.,Publicado,,no,bateria,https://comprar.gob.ar/Compras.aspx?qs=W1HXHGHtH10=,,2026-09-02,2026-09-09
sibom,https://sibom.slyt.gba.gob.ar/bulletins/15624/contents/2438393,Berazategui,Resolución Nº095 en el boletín 159º de Berazategui,,01/09/2026,,,objetivo,no,protector de neumaticos,https://sibom.slyt.gba.gob.ar/bulletins/15624/contents/2438393,": “ COMPRA DE NEUMÁTICOS , PROTECTORES Y CÁMARAS PARA LA FLOTA VEHÍCULAR DEL DISTRITO ...",2026-09-01,2026-10-06
comprar,74/3-0362-LPR26,Nación · unidad 1250,SERVICIO INTEGRAL DE GOMERÍA PARA LA FLOTA DE VEHÍCULOS OFICIALES DEL PARQUE NACIONAL LANÍN,Licitación Privada,,16/09/2026 12:00 Hrs.,Publicado,,no,gomeria,https://comprar.gob.ar/Compras.aspx?qs=W1HXHGHtH10=,,2026-09-01,2026-09-16
comprar,315-0004-LPR26,Nación · unidad 604,"Adquisición de neumáticos, servicios de colocación, cambio de válvula , alineación y balanceo",Licitación Privada,,15/09/2026 11:00 Hrs.,Publicado,,no,neumatic,https://comprar.gob.ar/Compras.aspx?qs=W1HXHGHtH10=,,2026-09-01,2026-09-15
comprar,74/4-0339-LPR26,Nación · unidad 1056,ADQUISICION DE NEUMATICOS DE VEHICULOS OFICIALES - PARQUE NACIONAL LOS ALERCES,Licitación Privada,,14/09/2026 10:00 Hrs.,Publicado,,no,neumatic,https://comprar.gob.ar/Compras.aspx?qs=W1HXHGHtH10=,,2026-09-01,2026-09-13
comprar,37/35-0204-LPR26,Nación · unidad 1164,Adquisición de Neumáticos (REGENTRES),Licitación Privada,,14/09/2026 12:30 Hrs.,Publicado,,no,neumatic,https://comprar.gob.ar/Compras.aspx?qs=W1HXHGHtH10=,,2026-09-01,2026-09-13
comprar,23-0011-LPR26,Nación · unidad 589,Provisión de neumáticos destinados a los vehículos que componen la flota de la SGP.,Licitación Privada,,10/09/2026 12:00 Hrs.,Publicado,,no,neumatic,https://comprar.gob.ar/Compras.aspx?qs=W1HXHGHtH10=,,2026-09-01,2026-09-10
comprar,49-0052-CDI26,Nación · unidad 1048,ADQUISICIÓN DE CUBIERTAS PARA LA FLOTA AUTOMOTOR DEL INV.,Contratación Directa,,09/09/2026 12:00 Hrs.,Publicado,,no,cubierta,https://comprar.gob.ar/Compras.aspx?qs=W1HXHGHtH10=,,2026-09-01,2026-09-09
comprar,37/1-0194-LPR26,Nación · unidad 1131,ADQUISICION DE NEUMATICOS,Licitación Privada,,08/09/2026 10:00 Hrs.,Publicado,,no,neumatic,https://comprar.gob.ar/Compras.aspx?qs=W1HXHGHtH10=,,2026-09-01,2026-09-07
sibom,https://sibom.slyt.gba.gob.ar/bulletins/15450/contents/2422693,Berazategui,Decreto Nº555 en el boletín 157º de Berazategui,,29/07/2026,,,objetivo,no,"bateria,baterias",https://sibom.slyt.gba.gob.ar/bulletins/15450/contents/2422693,"Licitacion Privada 31/2026 para el objeto ""Adquisicion de baterias para flota rodante municipal"" ...",2026-08-31,2026-10-06
sibom,https://sibom.slyt.gba.gob.ar/bulletins/15416/contents/2422544,Mercedes,Decreto Nº1038/2026 en el boletín 107º de Mercedes,Concurso de Precios N° 33/2026,30/07/2026,10/06/2026,adjudicada,volumen_alto,no,"cubierta,cubiertas",https://sibom.slyt.gba.gob.ar/bulletins/15416/contents/2422544,"Boletines/Mercedes Decreto Nº1038/2026 Decreto Nº 1038/2026 Mercedes, 23/06/2026 Visto Lo actuado por Gestión Documental Electrónica (GDE) en EX-2026-00047451- -MERCEDES-COMP#SEH, caratulado “Concurso de Precios N° 33/2026 – Adquisición de cubiertas”, y; Considerando Que, a partir de la necesidad manifestada por la Sub Secretaría de Servicios Públicos según Solicitud de Pedido N° 4029/2026, se procedió al arbitraje de los medios necesarios destinados a lograr la convocatoria de oferentes en el marco del Concurso de Precios N° 33/2026, cuyo objeto es la adquisición de cubiertas. Que, habiéndose previsto como fecha de apertura de sobres para el día 10/06/2026, se han presentado 5 (cinco) oferentes, conforme consta en Acta y Comparativo de Ofertas obrantes en Fs. N° 21 y 124 - 133 respectivamente. Que, luego de haber tomado intervención el área competente en la materia, se concluye que resulta conveniente para los intereses municipales resolver la adjudicación ítem por ítem a las ofertas más económicas; que las mismas se encuentran por debajo del costo estimado por la Municipalidad. Que",2026-08-28,2026-10-06
sibom,https://sibom.slyt.gba.gob.ar/bulletins/15468/contents/2423123,Tandil,Decreto Nº2364/2026 en el boletín 349º de Tandil,Concurso de Precios N° 64-03-26,29/07/2026,,adjudicada,volumen_alto,no,"neumatico,neumaticos",https://sibom.slyt.gba.gob.ar/bulletins/15468/contents/2423123,"Boletines/Tandil Decreto Nº2364/2026 Decreto Nº 2364/2026 Tandil, 28/07/2026 Visto El Concurso de Precios N° 64-03-26 “ADQUISICION NEUMATICOS PARA CARGA Y TRANSPORTE RECOLECCIÓN”, tramitado mediante EX-2026-00136402-MUNITAN-DCS#SEA, con un Presupuesto Oficial de $14.380.000,00 y Considerando Que se ha invitado a dieciséis (16) proveedores del ramo según consta en Registro de Invitados a Cotizar Nº 2908. Que el 29 de junio de 2026 se ha llevado a cabo el Acto de Apertura, según consta en orden 10, habiendo cotizado cuatro (4) oferentes. Que en orden 14 mediante PV-2026-00148120-MUNITAN-DHSU#SPYOP se ha expedido la Dirección General de Higiene y Servicios Urbanos, sugiriendo adjudicar el ítem N°1 al segundo mejor precio, Proveedor JELPAMAR S.A., teniendo en cuenta la calidad y duración del producto cotizado, y el ítem N°2 a la mejor oferta, Proveedor LARROCA NEUMATICOS S.A Que mediante PV-2026-00163150-MUNITAN-DCS#SEA en Orden 16, la Dirección de Compras y Suministros, recomienda adjudicar el presente Concurso de Precios de la siguiente manera: Proveedor JELPAMAR S.A: Ítem N° 1 por un ",2026-08-28,2026-10-06
sibom,https://sibom.slyt.gba.gob.ar/bulletins/14909/contents/2392207,Nueve de Julio,Decreto Nº689/2026 en el boletín 121º de Nueve de Julio,,02/06/2026,,adjudicada,volumen_alto,no,"neumatico,neumaticos",https://sibom.slyt.gba.gob.ar/bulletins/14909/contents/2392207,"Que corresponde dictar acto administrativo expreso, de conformidad a las constancias enunciadas ... […] La comunicación NO–2026-00012016-MUNINUE-SSC#SAH. El expediente Nº 4082-262/26. La solicitud de la Secretaría de Obras y Servicios Públicos y la Secretaria de Gobierno. Las invitaciones a cotizar y los presupuestos ... […] LLAMADO A LICITACION Nº 13 - NEUMATICOS - ADJUDICACIÓN. ...",2026-08-28,2026-08-31
